# started 2026-10-09 20:51:42 on Apple M3 Max, 48 GB
1	before	1.0.11/1.4.1	10.32	build-qft14	1.658	112
1	middle	1.1.0/1.4.2	9.42	build-qft14	1.669	112
1	after	1.1.0/1.4.2	8.82	build-qft14	0.312	112
1	before	1.0.11/1.4.1	8.07	build-oracle10	3.085	243
1	middle	1.1.0/1.4.2	7.58	build-oracle10	3.133	243
1	after	1.1.0/1.4.2	7.05	build-oracle10	0.763	243
1	before	1.0.11/1.4.1	6.21	controlled-gate	15.23	ms per gate
1	middle	1.1.0/1.4.2	6.11	controlled-gate	15.76	ms per gate
1	after	1.1.0/1.4.2	5.78	controlled-gate	2.29	ms per gate
1	before	1.0.11/1.4.1	4.86	apply-qft14-zero	2.218	0.361	522fc3c6d6ac
1	middle	1.1.0/1.4.2	4.63	apply-qft14-zero	2.14	0.268	522fc3c6d6ac
1	after	1.1.0/1.4.2	4.22	apply-qft14-zero	0.634	0.272	522fc3c6d6ac
1	before	1.0.11/1.4.1	4.41	apply-qft14-random	2.458	0.564	ea6efc3cf2ed
1	middle	1.1.0/1.4.2	4.44	apply-qft14-random	2.142	0.247	ea6efc3cf2ed
1	after	1.1.0/1.4.2	4.25	apply-qft14-random	0.536	0.196	ea6efc3cf2ed
1	before	1.0.11/1.4.1	4.35	apply-oracle10-zero	12.822	4.988	94ab523e394d
1	middle	1.1.0/1.4.2	5.54	apply-oracle10-zero	8.855	0.946	94ab523e394d
1	after	1.1.0/1.4.2	6.14	apply-oracle10-zero	2.012	0.956	94ab523e394d
1	before	1.0.11/1.4.1	5.78	apply-oracle10-uniform	12.78	4.985	57a872c3ddda
1	middle	1.1.0/1.4.2	6.33	apply-oracle10-uniform	8.731	0.943	57a872c3ddda
1	after	1.1.0/1.4.2	8.19	apply-oracle10-uniform	1.639	0.569	57a872c3ddda
1	before	1.0.11/1.4.1	7.55	quench-12	1.8	-0.17115575583420034
1	middle	1.1.0/1.4.2	7.35	quench-12	1.656	-0.17115575583420023
1	after	1.1.0/1.4.2	8.39	quench-12	0.573	-0.1711557558342006
1	before	1.0.11/1.4.1	8.64	quench-16	2.852	-0.17115575583419984
1	middle	1.1.0/1.4.2	8.23	quench-16	1.953	-0.17115575583419984
1	after	1.1.0/1.4.2	8.77	quench-16	0.763	-0.17115575583420017
1	before	1.0.11/1.4.1	8.67	quench-20	memory	none
1	middle	1.1.0/1.4.2	7.96	quench-20	5.49	-0.1711557558341913
1	after	1.1.0/1.4.2	7.65	quench-20	1.525	-0.17115575583419207
1	before	1.0.11/1.4.1	6.68	fourier-basis-16	timeout	None
1	middle	1.1.0/1.4.2	6.05	fourier-basis-16	timeout	None
1	after	1.1.0/1.4.2	5.58	fourier-basis-16	0.036	6dcfa995fa62
2	before	1.0.11/1.4.1	5.82	build-qft14	3.041	112
2	middle	1.1.0/1.4.2	6.15	build-qft14	3.048	112
2	after	1.1.0/1.4.2	6.41	build-qft14	0.452	112
2	before	1.0.11/1.4.1	6.39	build-oracle10	5.135	243
2	middle	1.1.0/1.4.2	6.48	build-oracle10	4.981	243
2	after	1.1.0/1.4.2	6.33	build-oracle10	1.2	243
2	before	1.0.11/1.4.1	6.33	controlled-gate	22.74	ms per gate
2	middle	1.1.0/1.4.2	6.11	controlled-gate	22.98	ms per gate
2	after	1.1.0/1.4.2	6.23	controlled-gate	2.37	ms per gate
2	before	1.0.11/1.4.1	5.57	apply-qft14-zero	2.3	0.373	522fc3c6d6ac
2	middle	1.1.0/1.4.2	5.33	apply-qft14-zero	2.204	0.275	522fc3c6d6ac
2	after	1.1.0/1.4.2	5.30	apply-qft14-zero	0.662	0.278	522fc3c6d6ac
2	before	1.0.11/1.4.1	5.41	apply-qft14-random	2.457	0.555	ea6efc3cf2ed
2	middle	1.1.0/1.4.2	5.49	apply-qft14-random	2.389	0.27	ea6efc3cf2ed
2	after	1.1.0/1.4.2	5.71	apply-qft14-random	0.548	0.198	ea6efc3cf2ed
2	before	1.0.11/1.4.1	5.37	apply-oracle10-zero	13.061	5.046	94ab523e394d
2	middle	1.1.0/1.4.2	6.54	apply-oracle10-zero	8.722	0.925	94ab523e394d
2	after	1.1.0/1.4.2	6.24	apply-oracle10-zero	2.004	0.948	94ab523e394d
2	before	1.0.11/1.4.1	5.84	apply-oracle10-uniform	12.656	4.971	57a872c3ddda
2	middle	1.1.0/1.4.2	6.02	apply-oracle10-uniform	8.675	0.933	57a872c3ddda
2	after	1.1.0/1.4.2	6.07	apply-oracle10-uniform	1.681	0.583	57a872c3ddda
2	before	1.0.11/1.4.1	7.51	quench-12	1.776	-0.17115575583420034
2	middle	1.1.0/1.4.2	7.39	quench-12	1.537	-0.17115575583420023
2	after	1.1.0/1.4.2	7.52	quench-12	0.571	-0.1711557558342006
2	before	1.0.11/1.4.1	7.18	quench-16	2.901	-0.17115575583419984
2	middle	1.1.0/1.4.2	8.13	quench-16	1.887	-0.17115575583419984
2	after	1.1.0/1.4.2	7.88	quench-16	0.757	-0.17115575583420017
2	before	1.0.11/1.4.1	7.66	quench-20	memory	none
2	middle	1.1.0/1.4.2	7.59	quench-20	5.562	-0.1711557558341913
2	after	1.1.0/1.4.2	7.18	quench-20	1.541	-0.17115575583419207
2	before	1.0.11/1.4.1	6.62	fourier-basis-16	timeout	None
2	middle	1.1.0/1.4.2	7.89	fourier-basis-16	timeout	None
2	after	1.1.0/1.4.2	7.71	fourier-basis-16	0.028	6dcfa995fa62
3	before	1.0.11/1.4.1	7.47	build-qft14	1.773	112
3	middle	1.1.0/1.4.2	7.35	build-qft14	1.773	112
3	after	1.1.0/1.4.2	7.33	build-qft14	0.332	112
3	before	1.0.11/1.4.1	7.50	build-oracle10	3.313	243
3	middle	1.1.0/1.4.2	7.62	build-oracle10	3.348	243
3	after	1.1.0/1.4.2	8.88	build-oracle10	0.809	243
3	before	1.0.11/1.4.1	8.20	controlled-gate	16.11	ms per gate
3	middle	1.1.0/1.4.2	7.92	controlled-gate	16.85	ms per gate
3	after	1.1.0/1.4.2	7.76	controlled-gate	2.52	ms per gate
3	before	1.0.11/1.4.1	7.13	apply-qft14-zero	2.382	0.38	522fc3c6d6ac
3	middle	1.1.0/1.4.2	8.11	apply-qft14-zero	2.251	0.287	522fc3c6d6ac
3	after	1.1.0/1.4.2	11.70	apply-qft14-zero	0.665	0.282	522fc3c6d6ac
3	before	1.0.11/1.4.1	11.74	apply-qft14-random	2.531	0.563	ea6efc3cf2ed
3	middle	1.1.0/1.4.2	11.41	apply-qft14-random	2.307	0.249	ea6efc3cf2ed
3	after	1.1.0/1.4.2	11.05	apply-qft14-random	0.563	0.198	ea6efc3cf2ed
3	before	1.0.11/1.4.1	10.33	apply-oracle10-zero	12.893	5.013	94ab523e394d
3	middle	1.1.0/1.4.2	9.09	apply-oracle10-zero	8.78	0.945	94ab523e394d
3	after	1.1.0/1.4.2	8.24	apply-oracle10-zero	2.055	0.96	94ab523e394d
3	before	1.0.11/1.4.1	8.09	apply-oracle10-uniform	13.37	5.024	57a872c3ddda
3	middle	1.1.0/1.4.2	7.89	apply-oracle10-uniform	9.031	0.958	57a872c3ddda
3	after	1.1.0/1.4.2	7.34	apply-oracle10-uniform	1.643	0.568	57a872c3ddda
3	before	1.0.11/1.4.1	6.65	quench-12	1.84	-0.17115575583420034
3	middle	1.1.0/1.4.2	6.36	quench-12	1.643	-0.17115575583420023
3	after	1.1.0/1.4.2	6.09	quench-12	0.591	-0.1711557558342006
3	before	1.0.11/1.4.1	6.80	quench-16	3.153	-0.17115575583419984
3	middle	1.1.0/1.4.2	7.43	quench-16	2.129	-0.17115575583419984
3	after	1.1.0/1.4.2	7.31	quench-16	0.774	-0.17115575583420017
3	before	1.0.11/1.4.1	7.03	quench-20	memory	none
3	middle	1.1.0/1.4.2	6.69	quench-20	5.71	-0.1711557558341913
3	after	1.1.0/1.4.2	6.89	quench-20	1.563	-0.17115575583419207
3	before	1.0.11/1.4.1	6.70	fourier-basis-16	timeout	None
3	middle	1.1.0/1.4.2	6.42	fourier-basis-16	timeout	None
3	after	1.1.0/1.4.2	5.69	fourier-basis-16	0.026	6dcfa995fa62
# finished 2026-10-09 21:16:54
